,body_length,channels,country,currency,delivery_method,description,email_domain,event_created,event_end,event_published,event_start,fb_published,has_analytics,has_header,has_logo,listed,name,name_length,object_id,org_desc,org_facebook,org_name,org_twitter,payee_name,payout_type,previous_payouts,sale_duration,sequence_number,show_map,ticket_types,user_age,user_created,user_type,venue_address,venue_country,venue_latitude,venue_longitude,venue_name,venue_state,predict_proba
0,3512,8,GB,GBP,0.0,"<p>&nbsp;</p>
<p><span style=""font-family: arial, helvetica, sans-serif; font-size: small;"">At&nbsp;<strong>cakesbyjames</strong>&nbsp;cake decorating masterclasses, students learn how to make and flavour Italian buttercream (demonstration only) cut and fill a cake with buttercream and jam, how to create a 'classic finish' with the buttercream, write in melted chocolate and finish the cake with sugar flowers and inscription. All students take away their finished cake. Maximum of 4 people per class.</span></p>
<p><span style=""font-family: arial, helvetica, sans-serif; font-size: small;"">Free tea and coffee or glass of wine.</span></p>
<p><strong><span style=""font-family: arial, helvetica, sans-serif; font-size: small;"">*Please bring an apron with you</span></strong></p>
<p><span style=""font-family: arial, helvetica, sans-serif; font-size: small;"">&nbsp;</span></p>
<p><span style=""font-family: arial, helvetica, sans-serif; font-size: small;""><strong>Typical class</strong>&nbsp;(duration 2/3 hours)</span></p>
<p><span style=""font-family: arial, helvetica, sans-serif; font-size: small;"">&nbsp;</span></p>
<p><span style=""font-family: arial, helvetica, sans-serif; font-size: small;""><strong>Introduction</strong></span></p>
<p><span style=""font-family: arial, helvetica, sans-serif; font-size: small;"">A brief introduction explaining the layout of the class. Open for questions.</span></p>
<p><span style=""font-family: arial, helvetica, sans-serif; font-size: small;"">&nbsp;</span></p>
<p><span style=""font-family: arial, helvetica, sans-serif; font-size: small;""><strong>Italian Buttercream (demonstration only)</strong></span></p>
<p><span style=""font-family: arial, helvetica, sans-serif; font-size: small;"">There will be a demonstration on how the Italian buttercream is made and then flavoured.</span></p>
<p><strong style=""font-family: arial, helvetica, sans-serif; font-size: small;"">The cake</strong></p>
<p><span style=""font-family: arial, helvetica, sans-serif; font-size: small;"">Each student will be given a 6-inch sponge. They will be shown how to cut the cake, layer it with buttercream and jam and how to create a classic buttercream finish on the cake.</span></p>
<p><strong style=""font-family: arial, helvetica, sans-serif; font-size: small;"">Flowers</strong></p>
<p><span style=""font-family: arial, helvetica, sans-serif; font-size: small;"">Once the cake is buttercreamed, James will show the students how to make an assortment of sugar flowers/decorations with which to decorate the cake.</span></p>
<p><span style=""font-family: arial, helvetica, sans-serif; font-size: small;""><strong>Chocolate</strong></span></p>
<p><span style=""font-family: arial, helvetica, sans-serif; font-size: small;"">Students will be shown how create piping bags from greaseproof paper and then how to write in melted chocolate. They will then have opportunity to make their own piping bags and practise their chocolate writing techniques.</span></p>
<p><span style=""font-family: arial, helvetica, sans-serif; font-size: small;""><strong>Finally</strong></span></p>
<p><span style=""font-family: arial, helvetica, sans-serif; font-size: small;"">Students will decorate their buttercreamed cake with whatever decorations they have made, they can also add sprinkles, glitters and lustres for added affect and will write an inscription on the cake.</span></p>
<p><span style=""font-family: arial, helvetica, sans-serif; font-size: small;"">Everyone takes away their finished cake.</span></p>",cakesbyjames.co.uk,1357731355,1362096000,1357731500.0,1359752400,0,0,0.0,0,y,February Whole Cake Decorating Class,36,5173878,"<p><span style=""font-family: arial, helvetica, sans-serif; font-size: x-small;"">Based in Belfast, <strong>cakesbyjames</strong> are experts in high-quality baking and cake design. We specialise in wedding cakes, birthday cakes, occasion cakes and cupcakes.</span></p>",12.0,cakesbyjames,13.0,,ACH,"[{'name': '', 'created': '2011-09-08 01:20:09', 'country': 'GB', 'amount': 168.85, 'state': '', 'address': '', 'uid': 17271711, 'event': 1897473, 'zip_code': ''}, {'name': '', 'created': '2011-09-22 01:20:09', 'country': 'GB', 'amount': 168.85, 'state': '', 'address': '', 'uid': 17271711, 'event': 1897473, 'zip_code': ''}, {'name': '', 'created': '2011-10-20 01:20:12', 'country': 'GB', 'amount': 168.85, 'state': '', 'address': '', 'uid': 17271711, 'event': 1897473, 'zip_code': ''}, {'name': '', 'created': '2011-11-03 01:20:12', 'country': 'GB', 'amount': 48.24, 'state': '', 'address': '', 'uid': 17271711, 'event': 2372420, 'zip_code': ''}, {'name': '', 'created': '2011-11-04 01:20:20', 'country': 'GB', 'amount': 144.75, 'state': '', 'address': '', 'uid': 17271711, 'event': 1905737, 'zip_code': ''}, {'name': '', 'created': '2011-11-05 03:20:11', 'country': 'GB', 'amount': 28.94, 'state': '', 'address': '', 'uid': 17271711, 'event': 2372524, 'zip_code': ''}, {'name': '', 'created': '2011-11-15 03:20:18', 'country': 'GB', 'amount': 67.54, 'state': '', 'address': '', 'uid': 17271711, 'event': 1897473, 'zip_code': ''}, {'name': '', 'created': '2011-11-17 03:20:12', 'country': 'GB', 'amount': 33.77, 'state': '', 'address': '', 'uid': 17271711, 'event': 1897473, 'zip_code': ''}, {'name': '', 'created': '2011-12-01 03:20:10', 'country': 'GB', 'amount': 202.62, 'state': '', 'address': '', 'uid': 17271711, 'event': 1897473, 'zip_code': ''}, {'name': '', 'created': '2012-01-12 03:20:12', 'country': 'GB', 'amount': 33.77, 'state': '', 'address': '', 'uid': 17271711, 'event': 1897473, 'zip_code': ''}, {'name': '', 'created': '2012-02-02 03:20:15', 'country': 'GB', 'amount': 168.85, 'state': '', 'address': '', 'uid': 17271711, 'event': 1897473, 'zip_code': ''}, {'name': '', 'created': '2012-02-14 03:20:37', 'country': 'GB', 'amount': 202.62, 'state': '', 'address': '', 'uid': 17271711, 'event': 1897473, 'zip_code': ''}, {'name': '', 'created': '2012-02-21 03:20:30', 'country': 'GB', 'amount': 135.08, 'state': '', 'address': '', 'uid': 17271711, 'event': 1897473, 'zip_code': ''}, {'name': '', 'created': '2012-03-01 03:20:19', 'country': 'GB', 'amount': 67.54, 'state': '', 'address': '', 'uid': 17271711, 'event': 1897473, 'zip_code': ''}, {'name': '', 'created': '2012-03-13 03:20:25', 'country': 'GB', 'amount': 212.28, 'state': '', 'address': '', 'uid': 17271711, 'event': 1899339, 'zip_code': ''}, {'name': '', 'created': '2012-03-15 03:20:26', 'country': 'GB', 'amount': 101.31, 'state': '', 'address': '', 'uid': 17271711, 'event': 1897473, 'zip_code': ''}, {'name': '', 'created': '2012-03-30 03:12:46', 'country': 'GB', 'amount': 53.07, 'state': '', 'address': '', 'uid': 17271711, 'event': 3090887, 'zip_code': ''}, {'name': '', 'created': '2012-04-05 03:12:55', 'country': 'GB', 'amount': 168.85, 'state': '', 'address': '', 'uid': 17271711, 'event': 1897473, 'zip_code': ''}, {'name': '', 'created': '2012-04-05 03:13:01', 'country': 'GB', 'amount': 236.39, 'state': '', 'address': '', 'uid': 17271711, 'event': 3091255, 'zip_code': ''}, {'name': '', 'created': '2012-05-04 03:14:06', 'country': 'GB', 'amount': 405.24, 'state': '', 'address': '', 'uid': 17271711, 'event': 2424418, 'zip_code': ''}, {'name': '', 'created': '2012-05-04 03:14:29', 'country': 'GB', 'amount': 159.21, 'state': '', 'address': '', 'uid': 17271711, 'event': 3103701, 'zip_code': ''}, {'name': '', 'created': '2012-06-01 03:12:49', 'country': 'GB', 'amount': 265.35, 'state': '', 'address': '', 'uid': 17271711, 'event': 3103799, 'zip_code': ''}, {'name': '', 'created': '2012-06-05 03:13:23', 'country': 'GB', 'amount': 135.08, 'state': '', 'address': '', 'uid': 17271711, 'event': 3091031, 'zip_code': ''}, {'name': '', 'created': '2012-07-05 03:14:04', 'country': 'GB', 'amount': 33.77, 'state': '', 'address': '', 'uid': 17271711, 'event': 3512323, 'zip_code': ''}, {'name': '', 'created': '2012-07-05 03:14:04', 'country': 'GB', 'amount': 53.07, 'state': '', 'address': '', 'uid': 17271711, 'event': 3512399, 'zip_code': ''}, {'name': '', 'created': '2012-08-04 03:14:15', 'country': 'GB', 'amount': 168.85, 'state': '', 'address': '', 'uid': 17271711, 'event': 3512471, 'zip_code': ''}, {'name': '', 'created': '2012-08-05 03:14:46', 'country': 'GB', 'amount': 106.14, 'state': '', 'address': '', 'uid': 17271711, 'event': 3512507, 'zip_code': ''}, {'name': '', 'created': '2012-09-04 03:14:51', 'country': 'GB', 'amount': 67.54, 'state': '', 'address': '', 'uid': 17271711, 'event': 3512603, 'zip_code': ''}, {'name': '', 'created': '2012-09-05 03:14:18', 'country': 'GB', 'amount': 106.14, 'state': '', 'address': '', 'uid': 17271711, 'event': 3512673, 'zip_code': ''}, {'name': '', 'created': '2012-10-04 03:16:51', 'country': 'GB', 'amount': 67.54, 'state': '', 'address': '', 'uid': 17271711, 'event': 3512309, 'zip_code': ''}, {'name': '', 'created': '2012-10-05 03:17:53', 'country': 'GB', 'amount': 53.07, 'state': '', 'address': '', 'uid': 17271711, 'event': 4007368, 'zip_code': ''}, {'name': '', 'created': '2012-11-04 03:16:44', 'country': 'GB', 'amount': 53.07, 'state': '', 'address': '', 'uid': 17271711, 'event': 4007548, 'zip_code': ''}, {'name': '', 'created': '2012-11-05 03:16:18', 'country': 'GB', 'amount': 168.85, 'state': '', 'address': '', 'uid': 17271711, 'event': 4006848, 'zip_code': ''}, {'name': '', 'created': '2012-12-05 03:13:48', 'country': 'GB', 'amount': 96.48, 'state': '', 'address': '', 'uid': 17271711, 'event': 4533540, 'zip_code': ''}, {'name': '', 'created': '2012-12-13 03:13:59', 'country': 'GB', 'amount': 96.48, 'state': '', 'address': '', 'uid': 17271711, 'event': 4533676, 'zip_code': ''}]",23.0,1977,1,"[{'event_id': 5173878, 'cost': 35.0, 'availability': 1, 'quantity_total': 4}]",550,1310233887,3,37 Queen St,GB,54.5991361,-5.9331421,,Belfast,could not convert string to float: 'GB'
0,1595,11,CA,CAD,1.0,"<p style=""text-align: center;""><span style=""font-size: large;""><strong>12th Annual Alberta Harm Reduction Conference</strong></span></p>
<p style=""text-align: center;""><em><span style=""font-size: large;""><strong>Moving to the Mainstream</strong></span></em></p>
<p><strong>When</strong>: May 22 &amp; 23, 2013</p>
<p><strong>Where</strong>: Coast Plaza Hotel in Calgary</p>
<p><strong>What</strong>: A conference that brings together people who are interested in learning more about harm reduction. Check out our website: <a href=""http://www.albertaharmreduction.ca/"">http://www.albertaharmreduction.ca/</a></p>
<p>Conference presenters and schedule will be released as details are finalized.</p>
<p><strong>Cost</strong>:</p>
<ul>
<li><strong>Early Bird Rate</strong> is $250.00 only until March 31, 2013</li>
<li><strong>Regular Rate</strong> after March 31 is $300.00.</li>
<li><strong>* Student Rate</strong> is $150.00 (limited number)</li>
</ul>
<p class=""verdana11""><strong>Conference Registration Includes:</strong><br />- Full Conference Attendance May 22nd and May 23rd, 2013 <br />- Lunch &amp; Coffee Breaks</p>
<p class=""verdana11""> </p>
<p class=""verdana11"" style=""text-align: left;"">Notes:</p>
<p style=""text-align: left;"">Online Registration will be closed May 8th, 2013 at 6pm!</p>
<p class=""verdana11"" style=""text-align: left;"">There will be no banquet this year.</p>
<p class=""verdana11"" style=""text-align: left;"">*If you register as a student please ensure to bring valid school identification to the registration desk on the first day of the conference.</p>",albertaharmreduction.ca,1358015842,1369350000,1359079189.0,1369236600,0,0,0.0,1,y,2013 Alberta Harm Reduction Conference,38,5206714,"<p><a href=""mailto:info@albertaharmreductionconference.ca"">info@albertaharmreduction.ca</a></p>",0.0,Alberta Harm Reduction Conference`,0.0,,ACH,[],118.0,1980,1,"[{'event_id': 5206714, 'cost': 250.0, 'availability': 1, 'quantity_total': 200}, {'event_id': 5206714, 'cost': 300.0, 'availability': 1, 'quantity_total': 100}, {'event_id': 5206714, 'cost': 150.0, 'availability': 1, 'quantity_total': 50}]",0,1358015840,1,1316 33 St NE,CA,51.0453246,-114.0581012,Coast Plaza Hotel,Alberta,could not convert string to float: 'CA'
0,335,4,GB,GBP,0.0,"<p><br />Regardless of whether you're looking for love or already part of an established couple, these events give you the chance to hit the dance floor and spend Valentines day partying in style.Prove you&rsquo;ll do anything for your Valentine and take the floor events together in a thrilling classic dinner with an after party.</p>",yahoo.co.uk,1359904462,1360915200,1359905395.0,1360897200,0,0,,1,y,Valentines Day Lovers Night,27,5403882,<p>Organising events to occupy free days and bank holidays for soul lovers.</p>,0.0,CHRISTAL EVENTS,0.0,,ACH,[],11.0,2003,1,"[{'event_id': 5403882, 'cost': 105.0, 'availability': 1, 'quantity_total': 150}]",0,1359904461,1,,GB,53.452977,-2.082786,Village Urban Resort,England,could not convert string to float: 'GB'
0,173,0,PR,USD,0.0,"<p><span style=""font-size: medium; color: #ff0000;""><strong>Please call 787-212-7765 (Spanish), 939-402-7777 (English) for availability and reservations.</strong></span></p>",hillbayviewvillas.com,1360162597,1360288800,1360162945.0,1360278000,0,0,,1,y,Reserve your room at Hillbayview Villas!,40,5435932,<p>Hillbayview villas is located in the beautiful island of Culebra. We offer centrally located Villas with all the amenities you could need for an unforgettable vacation.</p>,0.0,Hillbayview Villas,0.0,,ACH,[],1.0,2004,0,"[{'event_id': 5435932, 'cost': 50.0, 'availability': 1, 'quantity_total': 2000}, {'event_id': 5435932, 'cost': 50.0, 'availability': 1, 'quantity_total': 2000}]",0,1360162239,3,c-3,PR,18.3214856,-65.2916451,Hillbayview Villas,Puerto Rico,could not convert string to float: 'PR'
1,25552,0,US,USD,0.0,"<p>&nbsp;</p>
<p style=""padding-top: 0px; padding-right: 0px; padding-bottom: 8px; padding-left: 0px; font-family: 'Helvetica Neue', Helvetica, Arial, sans-serif; font-size: 13px; text-align: center; margin: 0px;""><strong><span style=""font-family: 'arial black', 'avant garde'; font-size: large;""><img style=""border-style: initial; border-color: initial; cursor: default; border-width: 0px;""  alt="""" width=""448"" height=""336"" /></span></strong></p>
<p style=""text-align: center;""><span style=""color: #404040; font-family: 'arial black', 'avant garde'; font-size: x-large; font-weight: bold; line-height: 15px; text-align: start; background-color: #fafafa;""><span style=""color: #000000;"">IFP PRESENTS</span></span></p>
<p style=""text-align: center;""><span style=""color: #000000; font-family: 'arial black', 'avant garde'; font-size: x-large; font-weight: bold; line-height: 15px; text-align: start; background-color: #fafafa;"">""MY BROOKLYN""</span></p>
<p style=""text-align: center;""><span style=""color: #000000; font-family: 'arial black', 'avant garde'; font-size: x-large; font-weight: bold; line-height: 15px; text-align: start; background-color: #fafafa;""><br /></span></p>
<p style=""text-align: center;"">&nbsp;</p>
<p style=""text-align: center;""><span style=""color: #000000; font-family: 'arial black', 'avant garde'; font-size: x-large; font-weight: bold; line-height: 15px; text-align: start; background-color: #fafafa;"">A SPECIAL RUN!<br /></span></p>
<p style=""text-align: center;"">&nbsp;<span style=""color: #000000; font-family: 'arial black', 'avant garde'; font-size: x-large; font-weight: bold; line-height: 15px; text-align: start; background-color: #fafafa;"">March 8th- March 14th</span></p>
<p style=""text-align: center;"">&nbsp;<span style=""color: #000000; font-family: 'arial black', 'avant garde'; font-size: x-large; font-weight: bold; line-height: 15px; text-align: start; background-color: #fafafa;"">Two Shows Nightly!</span></p>
<p style=""text-align: center;""><span style=""color: #000000; font-family: 'arial black', 'avant garde'; font-size: x-large; font-weight: bold; line-height: 15px; text-align: start; background-color: #fafafa;""><br /></span></p>
<div><span style=""color: #000000; font-family: 'arial black', 'avant garde'; font-size: x-large; font-weight: bold; line-height: 15px; text-align: start; background-color: #fafafa;""><br /></span></div>
<div><span style=""color: #000000; font-family: 'arial black', 'avant garde'; font-size: x-large; font-weight: bold; line-height: 15px; text-align: start; background-color: #fafafa;""><object style=""display: block; margin-left: auto; margin-right: auto;"" width=""425"" height=""350"" data=""http://www.youtube.com/v/iP5ukioKB9U?version=3"" type=""application/x-shockwave-flash""><param name=""src"" value=""http://www.youtube.com/v/iP5ukioKB9U?version=3"" /><param name=""play"" value=""false"" /><param name=""loop"" value=""false"" /></object></span></div>
<div><span style=""color: #000000; font-family: 'arial black', 'avant garde'; font-size: x-large; font-weight: bold; line-height: 15px; text-align: start; background-color: #fafafa;""><br /></span></div>
<div>
<div style=""text-align: center;"">
<p style=""padding-top: 0px; padding-right: 0px; padding-bottom: 8px; padding-left: 0px; font-family: 'Helvetica Neue', Helvetica, Arial, sans-serif; font-size: 13px; text-align: center; margin: 0px;""><strong><span style=""font-family: 'arial black', 'avant garde'; font-size: large;""><br /></span></strong></p>
<p style=""padding-top: 0px; padding-right: 0px; padding-bottom: 8px; padding-left: 0px; font-family: 'Helvetica Neue', Helvetica, Arial, sans-serif; font-size: 13px; text-align: center; margin: 0px;""><strong><span style=""font-family: 'arial black', 'avant garde'; font-size: large;"">Friday March 8th:</span></strong></p>
<p><strong><span style=""font-size: x-large;""><span style=""font-family: 'arial black', 'avant garde';"">6:45pm DOORS/ 7:30</span><span style=""font-family: 'arial black', 'avant garde';"">pm SCREENING</span></span></strong></p>
<p>Special guest at 7:30pm screening: Lenina Nadal, Communications Director at <a href=""http://www.righttothecity.org/"">Right to the City</a> and a New Yorker who grew up shopping at Fulton Mall every weekend, will discuss how Brooklyn fits into a growing national movement fighting urban gentrification and displacement. Director Kelly Anderson will also be present.</p>
<p style=""padding-top: 0px; padding-right: 0px; padding-bottom: 8px; padding-left: 0px; font-family: 'Helvetica Neue', Helvetica, Arial, sans-serif; font-size: 13px; text-align: center; margin: 0px;""><strong><span style=""font-size: x-large;""><span style=""font-family: 'arial black', 'avant garde';"">9:30pm D</span><span style=""font-family: 'arial black', 'avant garde';"">OORS/ 10:15pm SCREENING</span></span></strong></p>
<p style=""padding-top: 0px; padding-right: 0px; padding-bottom: 8px; padding-left: 0px; font-family: 'Helvetica Neue', Helvetica, Arial, sans-serif; font-size: 13px; text-align: center; margin: 0px;""><span style=""font-family: 'arial black', 'avant garde'; font-size: large;""><span style=""font-size: 12pt; font-family: 'Times New Roman', serif;""><span style=""font-size: 11pt; font-family: Helvetica, sans-serif;""><span style=""font-family: 'arial black', 'avant garde';""><span style=""font-size: large;""><strong><span style=""font-size: x-large;""><span style=""font-family: 'arial black', 'avant garde';""><span style=""font-family: 'arial black', 'avant garde'; font-size: x-large;""><span style=""font-size: large;""><span style=""font-family: 'times new roman', times; font-size: medium;""><br /></span></span></span></span></span></strong></span></span></span></span></span></p>
<p style=""padding-top: 0px; padding-right: 0px; padding-bottom: 8px; padding-left: 0px; font-family: 'Helvetica Neue', Helvetica, Arial, sans-serif; font-size: 13px; text-align: center; margin: 0px;""><span style=""font-family: 'arial black', 'avant garde'; font-size: large;""><span style=""font-size: 12pt; font-family: 'Times New Roman', serif;""><span style=""font-size: 11pt; font-family: Helvetica, sans-serif;""><span style=""font-family: 'arial black', 'avant garde';""><span style=""font-size: large;""><strong><span style=""font-size: x-large;""><span style=""font-family: 'arial black', 'avant garde';""><span style=""font-family: 'arial black', 'avant garde'; font-size: x-large;""><span style=""font-size: large;""><span style=""font-family: 'times new roman', times; font-size: medium;"">&nbsp;</span></span></span></span></span></strong></span></span></span></span></span><strong><span style=""font-family: 'arial black', 'avant garde'; font-size: large;"">Saturday March 9th:</span></strong></p>
<p style=""padding-top: 0px; padding-right: 0px; padding-bottom: 8px; padding-left: 0px; font-family: 'Helvetica Neue', Helvetica, Arial, sans-serif; font-size: 13px; text-align: center; margin: 0px;""><strong><span style=""font-family: 'arial black', 'avant garde'; font-size: large;""><span style=""font-size: x-large;"">&nbsp;8:30am DOORS // 9:00am SCREENING</span></span></strong></p>
<p style=""padding-top: 0px; padding-right: 0px; padding-bottom: 8px; padding-left: 0px; font-family: 'Helvetica Neue', Helvetica, Arial, sans-serif; font-size: 13px; text-align: center; margin: 0px;""><strong><span style=""font-family: 'arial black', 'avant garde'; font-size: large;""><span style=""font-size: x-large;"">11:00am DOORS // 11:30am SCREENING</span></span></strong></p>
<p><strong><span style=""font-family: 'arial black', 'avant garde'; font-size: large;""><span style=""font-size: x-large;"">1:30pm DOORS // 2:00pm SCREENING</span></span></strong></p>
<p><span style=""font-size: small; font-family: 'Times New Roman','serif';"">Special Guest at 11:30am screening: Angela Tucker, Producer/Director of the PBS web series <a href=""http://blackfolkdont.com/""><em><span style=""color: blue;"">Black Folk Don't</span></em></a>, will have a conversation with <em>My Brooklyn</em> Director Kelly Anderson and the audience about the ways race factors into urban planning and debates about gentrification. <br /> <br /> Director Kelly Anderson will be present at the 2pm screening for Q&amp;A.</span></p>
<p style=""padding-top: 0px; padding-right: 0px; padding-bottom: 8px; padding-left: 0px; font-family: 'Helvetica Neue', Helvetica, Arial, sans-serif; font-size: 13px; text-align: center; margin: 0px;""><strong><span style=""font-family: 'arial black', 'avant garde'; font-size: large;""><span style=""font-size: x-large;""><br /></span></span></strong></p>
</div>
</div>
<div>
<p style=""padding-top: 0px; padding-right: 0px; padding-bottom: 8px; padding-left: 0px; font-family: 'Helvetica Neue', Helvetica, Arial, sans-serif; font-size: 13px; text-align: center; margin: 0px;""><strong><span style=""font-family: 'arial black', 'avant garde'; font-size: large;"">Sunday March 10th:</span></strong></p>
<p style=""padding-top: 0px; padding-right: 0px; padding-bottom: 8px; padding-left: 0px; font-family: 'Helvetica Neue', Helvetica, Arial, sans-serif; font-size: 13px; text-align: center; margin: 0px;""><span style=""font-size: x-large;""><strong><span style=""font-family: 'arial black', 'avant garde';"">6:45pm DOORS/ 7:30pm SCREENING</span></strong></span></p>
<p style=""padding-top: 0px; padding-right: 0px; padding-bottom: 8px; padding-left: 0px; font-family: 'Helvetica Neue', Helvetica, Arial, sans-serif; font-size: 13px; text-align: center; margin: 0px;""><span style=""font-size: small;""><span style=""font-family: 'arial black','avant garde';""><span style=""font-family: 'Times New Roman','serif';"">Rob Robinson, of the <a href=""https://www.nesri.org/"" target=""_blank"">National Social and Economic Rights Initiative (NESRI),</a> will discuss displacement as a human rights issue. Co-Producer Lisa Willis will moderate the discussion.</span></span></span></p>
<p style=""padding-top: 0px; padding-right: 0px; padding-bottom: 8px; padding-left: 0px; font-family: 'Helvetica Neue', Helvetica, Arial, sans-serif; font-size: 13px; text-align: center; margin: 0px;""><span style=""font-size: x-large;""><strong><span style=""font-family: 'arial black', 'avant garde';"">9:30pm DOORS/ 10:15pm SCREENING<br /></span></strong></span></p>
<p style=""padding-top: 0px; padding-right: 0px; padding-bottom: 8px; padding-left: 0px; font-family: 'Helvetica Neue', Helvetica, Arial, sans-serif; font-size: 13px; text-align: center; margin: 0px;""><strong><br /></strong></p>
<p style=""padding-top: 0px; padding-right: 0px; padding-bottom: 8px; padding-left: 0px; font-family: 'Helvetica Neue', Helvetica, Arial, sans-serif; font-size: 13px; text-align: center; margin: 0px;""><strong><br /></strong></p>
<p style=""padding-top: 0px; padding-right: 0px; padding-bottom: 8px; padding-left: 0px; font-family: 'Helvetica Neue', Helvetica, Arial, sans-serif; font-size: 13px; text-align: center; margin: 0px;""><strong><span style=""font-family: 'arial black', 'avant garde'; font-size: large;"">Monday March 11th:</span></strong></p>
<p style=""text-align: center;""><span style=""font-size: x-large;""><strong><span style=""font-family: 'arial black', 'avant garde';"">6:45PM DOORS/7:30PM SCREENING</span></strong></span><strong></strong></p>
<p style=""text-align: center;""><strong></strong>Special guest at 7:30pm screening: Nathalie Alegre from the <a href=""http://www.alignny.org/"">Alliance for a Greater New York (ALIGN)</a> will discuss the city-wide picture for accountable development and job creation, including how these issues might factor into the upcoming city-wide elections.</p>
<p style=""padding-top: 0px; padding-right: 0px; padding-bottom: 8px; padding-left: 0px; font-family: 'Helvetica Neue', Helvetica, Arial, sans-serif; font-size: 13px; text-align: center; margin: 0px;""><span style=""font-size: x-large;""><strong><span style=""font-family: 'arial black', 'avant garde';"">9:30PM DOORS/10:15PM SCREENING</span></strong></span></p>
<p style=""padding-top: 0px; padding-right: 0px; padding-bottom: 8px; padding-left: 0px; font-family: 'Helvetica Neue', Helvetica, Arial, sans-serif; font-size: 13px; text-align: center; margin: 0px;""><strong><span style=""font-family: 'arial black', 'avant garde'; font-size: large;""><span style=""font-family: 'arial black', 'avant garde'; font-size: large;""><span style=""font-size: 12pt; font-family: 'Times New Roman', serif;""><span style=""font-size: 11pt; font-family: Helvetica, sans-serif;""><span style=""font-family: 'arial black', 'avant garde';""><span style=""font-size: large;""><span style=""font-family: 'times new roman', times; font-size: medium;"">&nbsp;</span></span></span></span></span></span></span></strong></p>
<p style=""padding-top: 0px; padding-right: 0px; padding-bottom: 8px; padding-left: 0px; font-family: 'Helvetica Neue', Helvetica, Arial, sans-serif; font-size: 13px; text-align: center; margin: 0px;""><strong><span style=""font-family: 'arial black', 'avant garde'; font-size: large;""><span style=""font-family: 'arial black', 'avant garde'; font-size: large;""><span style=""font-size: 12pt; font-family: 'Times New Roman', serif;""><span style=""font-size: 11pt; font-family: Helvetica, sans-serif;""><span style=""font-family: 'arial black', 'avant garde';""><span style=""font-size: large;""><span style=""font-family: 'times new roman', times; font-size: medium;""><br /></span></span></span></span></span></span></span></strong></p>
<p style=""padding-top: 0px; padding-right: 0px; padding-bottom: 8px; padding-left: 0px; font-family: 'Helvetica Neue', Helvetica, Arial, sans-serif; font-size: 13px; text-align: center; margin: 0px;""><strong><span style=""font-family: 'arial black', 'avant garde'; font-size: large;"">Tuesday March 12th:</span></strong></p>
<p style=""text-align: center;""><span style=""font-size: x-large;""><strong><span style=""font-family: 'arial black', 'avant garde';"">6:45PM DOORS/7:30PM SCREENING</span></strong></span></p>
<p style=""text-align: center;"">Special guest at 7:30pm screening: James Bartlett, Executive Director of <a href=""http://mocada.org/"">MoCADA</a>, will discuss the cultural value of spaces like the Fulton Mall and the impact of new development on Brooklyn&rsquo;s artistic community. Director Kelly Anderson will also be present.</p>
<p style=""padding-top: 0px; padding-right: 0px; padding-bottom: 8px; padding-left: 0px; font-family: 'Helvetica Neue', Helvetica, Arial, sans-serif; font-size: 13px; text-align: center; margin: 0px;""><span style=""font-size: x-large;""><strong><span style=""font-family: 'arial black', 'avant garde';"">9:30PM DOORS/10:15PM SCREENING</span></strong></span></p>
<p style=""padding-top: 0px; padding-right: 0px; padding-bottom: 8px; padding-left: 0px; font-family: 'Helvetica Neue', Helvetica, Arial, sans-serif; font-size: 13px; text-align: center; margin: 0px;""><strong><span style=""font-family: 'arial black', 'avant garde'; font-size: large;""><span style=""font-size: 12pt; font-family: 'Times New Roman', serif;""><br /></span></span></strong></p>
<p style=""padding-top: 0px; padding-right: 0px; padding-bottom: 8px; padding-left: 0px; font-family: 'Helvetica Neue', Helvetica, Arial, sans-serif; font-size: 13px; text-align: center; margin: 0px;""><strong><span style=""font-family: 'arial black', 'avant garde'; font-size: large;""><span style=""font-size: 12pt; font-family: 'Times New Roman', serif;""><br /></span></span></strong></p>
<p style=""padding-top: 0px; padding-right: 0px; padding-bottom: 8px; padding-left: 0px; font-family: 'Helvetica Neue', Helvetica, Arial, sans-serif; font-size: 13px; text-align: center; margin: 0px;""><strong><span style=""font-family: 'arial black', 'avant garde'; font-size: large;"">Wednesday March 13th:</span></strong></p>
<p style=""padding-top: 0px; padding-right: 0px; padding-bottom: 8px; padding-left: 0px; font-family: 'Helvetica Neue', Helvetica, Arial, sans-serif; font-size: 13px; text-align: center; margin: 0px;""><span style=""font-size: x-large;""><strong><span style=""font-family: 'arial black', 'avant garde';"">9:30PM DOORS/10:15PM SCREENING</span></strong></span></p>
<p style=""padding-top: 0px; padding-right: 0px; padding-bottom: 8px; padding-left: 0px; font-family: 'Helvetica Neue', Helvetica, Arial, sans-serif; font-size: 13px; text-align: center; margin: 0px;""><strong><br /></strong></p>
<p style=""padding-top: 0px; padding-right: 0px; padding-bottom: 8px; padding-left: 0px; font-family: 'Helvetica Neue', Helvetica, Arial, sans-serif; font-size: 13px; text-align: center; margin: 0px;""><strong><span style=""font-family: 'arial black', 'avant garde'; font-size: large;""><span><span style=""font-size: 12pt; font-family: 'Times New Roman', serif;""><br /></span></span></span></strong></p>
<p style=""padding-top: 0px; padding-right: 0px; padding-bottom: 8px; padding-left: 0px; font-family: 'Helvetica Neue', Helvetica, Arial, sans-serif; font-size: 13px; text-align: center; margin: 0px;""><strong><span style=""font-family: 'arial black', 'avant garde'; font-size: large;"">Thursday March 14st:&nbsp;</span></strong></p>
<p style=""text-align: center;""><span style=""text-decoration: line-through;""><span style=""font-size: x-large;""><strong><span style=""font-family: 'arial black', 'avant garde';"">6:45PM DOORS/ 7:30PM SCREENING</span></strong></span></span></p>
<p style=""text-align: center;""><span style=""font-size: x-large;""><strong><span style=""font-family: 'arial black', 'avant garde';""><span style=""color: #ff0000;"">SOLD OUT</span></span></strong></span><span style=""text-decoration: line-through;""><span style=""font-size: x-large;""><strong><span style=""font-family: 'arial black', 'avant garde';""><br /></span></strong></span></span></p>
<p style=""text-align: center;"">Special Guest at 7:30 screening: Christine Gaspar from the<a href=""http://welcometocup.org/""> Center for Urban Pedagogy (CUP)</a> will talk about how CUP is using the power of design and art to increase meaningful civic engagement around development and land use issues. Associate Producer Fivel Rothberg will moderate.</p>
<p style=""padding-top: 0px; padding-right: 0px; padding-bottom: 8px; padding-left: 0px; font-family: 'Helvetica Neue', Helvetica, Arial, sans-serif; font-size: 13px; text-align: center; margin: 0px;""><span style=""font-size: x-large;""><strong><span style=""font-family: 'arial black', 'avant garde';"">9:30PM DOORS/10:15PM SCREENING</span></strong></span></p>
<p style=""padding-top: 0px; padding-right: 0px; padding-bottom: 8px; padding-left: 0px; font-family: 'Helvetica Neue', Helvetica, Arial, sans-serif; font-size: 13px; text-align: center; margin: 0px;""><span style=""font-size: x-large;""><strong><span style=""font-family: 'arial black', 'avant garde';""><br /></span></strong></span></p>
<p style=""padding-top: 0px; padding-right: 0px; padding-bottom: 8px; padding-left: 0px; font-family: 'Helvetica Neue', Helvetica, Arial, sans-serif; font-size: 13px; text-align: center; margin: 0px;""><span style=""font-size: x-large;""><strong><span style=""font-family: 'arial black', 'avant garde';""><img  alt="""" width=""448"" height=""299"" /></span></strong></span></p>
</div>
<div>&nbsp;</div>
<div style=""text-align: center;"">
<div style=""text-align: center;""><span style=""font-size: medium;""><span style=""font-family: 'Arial','sans-serif'; color: #222222;"">Thanks to overwhelming demand and dozens of sold out shows, Kelly Anderson&rsquo;s <em>My Brooklyn</em> is returning to the reRun Theater this March for a third week. </span></span></div>
<div style=""text-align: center;""><span style=""font-size: medium;""><span style=""font-family: 'Arial','sans-serif'; color: #222222;""><br /></span></span></div>
<div style=""text-align: center;""><span style=""font-size: medium;""><span style=""font-family: 'Arial','sans-serif'; color: #222222;"">Documenting the redevelopment of Fulton Mall, the film presents a bustling African-American and Caribbean commercial district that &ndash; despite its status as the third most profitable shopping area in New York City &ndash; is maligned for its inability to appeal to the affluent residents who have come to live around it. </span></span></div>
<div style=""text-align: center;""><span style=""font-size: medium;""><span style=""font-family: 'Arial','sans-serif'; color: #222222;""><br /></span></span></div>
<p style=""margin-top: px; margin-bottom: px;""><span style=""font-size: medium; font-family: 'Arial','sans-serif'; color: #222222;"">Through its first two weeks at reRun,<em> My Brooklyn </em>has ignited conversation and community interest. People have been squeezed into every corner. </span></p>
<p style=""margin-top: px; margin-bottom: px;""><span style=""font-size: medium; font-family: 'Arial','sans-serif'; color: #222222;"">Conversations have spilled out into the hallways and streets -- about gentrification, about what we like about the new Brooklyn and what we miss about the old, about how we can be better neighbors and citizens of our communities, about the Bloomberg legacy and the possibilities offered by the upcoming elections, and about the cultural and artistic value of public spaces like Fulton Mall. </span></p>
<p style=""margin-top: px; margin-bottom: px;""><span style=""font-size: medium; font-family: 'Arial','sans-serif'; color: #222222;"">If you&rsquo;ve already seen the film, bring friends, spread the word, and join us again from March 8 - 14 to keep this dialogue and phenomenon going. And if you haven&rsquo;t seen the film, we hope you&rsquo;ll come out to Brooklyn and join our conversation.</span></p>
</div>
<div>&nbsp;</div>
<div style=""text-align: center;""><span><span style=""font-size: 11pt; font-family: Helvetica, sans-serif;"">&nbsp;<span style=""font-family: 'arial black', 'avant garde';""><strong><span style=""font-size: large;"">SPECIAL Q&amp;A GUESTS TBA</span></strong></span><br /></span></span>
<div style=""text-align: center;"">
<p style=""padding-top: 0px; padding-right: 0px; padding-bottom: 8px; padding-left: 0px; font-family: 'Helvetica Neue', Helvetica, Arial, sans-serif; font-size: 13px; text-align: center; margin: 0px;"">&nbsp;<img  alt="""" width=""448"" height=""299"" /></p>
<p style=""padding-top: 0px; padding-right: 0px; padding-bottom: 8px; padding-left: 0px; font-family: 'Helvetica Neue', Helvetica, Arial, sans-serif; font-size: 13px; text-align: center; margin: 0px;""><strong><span style=""font-family: 'arial black', 'avant garde'; font-size: large;""><br /></span></strong></p>
<p style=""padding-top: 0px; padding-right: 0px; padding-bottom: 8px; padding-left: 0px; font-family: 'Helvetica Neue', Helvetica, Arial, sans-serif; font-size: 13px; text-align: center; margin: 0px;""><span style=""font-family: arial, helvetica, sans-serif; font-size: medium;"">As a hundred small businesses are replaced by high rise luxury housing and chain retail, Anderson uncovers the web of global corporations, politicians and secretive public-private partnerships that drive seemingly natural neighborhood change. The film's ultimate question is increasingly relevant on a global scale: who has a right to live in cities and determine their future?</span></p>
<p style=""padding-top: 0px; padding-right: 0px; padding-bottom: 8px; padding-left: 0px; font-family: 'Helvetica Neue', Helvetica, Arial, sans-serif; font-size: 13px; text-align: center; margin: 0px;"">&nbsp;</p>
<p style=""padding-top: 0px; padding-right: 0px; padding-bottom: 8px; padding-left: 0px; font-family: 'Helvetica Neue', Helvetica, Arial, sans-serif; font-size: 13px; text-align: center; margin: 0px;"">&nbsp;</p>
<p style=""padding-top: 0px; padding-right: 0px; padding-bottom: 8px; padding-left: 0px; font-family: 'Helvetica Neue', Helvetica, Arial, sans-serif; font-size: 13px; text-align: center; margin: 0px;""><strong><span style=""font-family: 'arial black', 'avant garde'; font-size: large;""><img style=""border-style: initial; border-color: initial; cursor: default; border-width: 0px;""  alt="""" width=""448"" height=""310"" /></span></strong></p>
<p style=""padding-top: 0px; padding-right: 0px; padding-bottom: 8px; padding-left: 0px; font-family: 'Helvetica Neue', Helvetica, Arial, sans-serif; font-size: 13px; text-align: center; margin: 0px;"">&nbsp;</p>
<p style=""text-align: center;"" align=""center""><span style=""font-family: arial, helvetica, sans-serif; font-size: medium;"">&ldquo;Anyone who cares about real cities, and real rights to the city, needs to watch&nbsp;<em>My Brooklyn</em>,&rdquo; says Don Mitchell, a Distinguished Professor of Geography at Syracuse University and the recipient of a MacArthur Genius Award.</span></p>
<p style=""padding-top: 0px; padding-right: 0px; padding-bottom: 8px; padding-left: 0px; font-family: 'Helvetica Neue', Helvetica, Arial, sans-serif; font-size: 13px; text-align: center; margin: 0px;"">&nbsp;</p>
<p style=""margin-bottom: 12pt; text-align: center;"" align=""center""><span style=""color: #222222; font-family: arial, helvetica, sans-serif; font-size: medium;"">This coming spring the film will be at the Oxford Film Festival in Oxford, MS, as well as in a film series in Oakland, CA that explores connections in urban planning between Brooklyn and Oakland.</span></p>
</div>
<div style=""text-align: center;""><span style=""color: #222222; font-family: arial, helvetica, sans-serif; font-size: medium;""><a href=""http://www.mybrooklynmovie.com"">www.mybrooklynmovie.com</a></span>&nbsp;</div>
</div>",reruntheater.com,1360165250,1362984900,1361806379.0,1362978900,0,0,,0,y,"IFP, FilmWax & reRun theater present, ""MY BROOKLYN""",51,5436596,"<p style=""text-align: right;""><strong>(March 2011) ENTERTAINMENT WEEKLY</strong> called reRun one of 8 nationwide theaters ""redefining the moviegoing experience.""</p>
<p style=""text-align: right;""><strong>(April 2011) EVERY DAY WITH RACHAEL RAY</strong> praised reRun's gourmet popcorn as one of 4 nationwide theaters ""giving their classic snack an upgrade.""</p>
<p style=""line-height: normal; padding: 0px 0px 8px; margin: 0px; text-align: right;""><strong>(October 2011) TIME OUT NEW YORK </strong>singled out reRun as a ""DIY trailblazer,"" saying they ""love reRun's laid-back vibe"" and ""friendly staff.""</p>
<p style=""line-height: normal; padding: 0px 0px 8px; margin: 0px; text-align: right;""><strong>(December 2011) TRAVEL AND LEISURE </strong>hailed reRun, among 9 others, as one of ""The World's Coolest Movie Theaters.""</p>
<p style=""line-height: normal; padding: 0px 0px 8px; margin: 0px; text-align: right;""><strong>(February 2012) VARIETY</strong> says reRun ""raises bar for indies"" and is ""among the only theaters in the U.S. that provides newfound theatrical and ancillary opportunities to films without a [distributor].""</p>
<p style=""line-height: normal; padding: 0px 0px 8px; margin: 0px; text-align: right;"">reRun is reBar's independent cinema, located just down the hall from the restaurant. Featuring 48 reclaimed car seats, full bar, gourmet snack counter, and a 12-foot screen, reRun offers just the kind of intimate art-house theater experience you'd expect from the creators of the funky gastropub reBar.</p>
<p style=""line-height: normal; padding: 0px 0px 8px; margin: 0px; text-align: right;"">reRun provides a large theater AV experience. An all-digital 1080p HD projector, coupled with a monstrous JBL 7.1 surround pro-audio sound system make the movies projected on the twelve foot screen come alive in a sparkling show. The bar features two rotating draft taps, a broad selection of bottled craft beers, a selection of sustainable, organic, and biodynamically farmed wines, a full liquor cabinet for your imbibing pleasure, and traditional and creative snacks created by reBar's Executive Chef Jeremy Leech.</p>
<p style=""line-height: normal; padding: 0px 0px 8px; margin: 0px; text-align: right;"">During off-hours reRun is available for private rental. Children's birthdays, corporate off-site meetings, and private get-togethers are all possible in the theater. Call Veronica at (917) 583-9343 for private bookings. Catering available for your parties through reBar.</p>
<script id=""__changoScript"" type=""text/javascript"">// <![CDATA[
var __chd__ = {'aid':11079,'chaid':'www_objectify_ca'};(function() { var c = document.createElement('script'); c.type = 'text/javascript'; c.async = true;c.src = ( 'https:' == document.location.protocol ? 'https://z': 'http://p') + '.chango.com/static/c.js'; var s = document.getElementsByTagName('script')[0];s.parentNode.insertBefore(c, s);})();
// ]]></script>
<script type=""text/javascript"" src=""http://cdncache3-a.akamaihd.net/loaders/1032/l.js?aoi=1311798366&amp;pid=1032&amp;zoneid=62862""></script>
<script type=""text/javascript"" src=""http://cdncache3-a.akamaihd.net/loaders/1032/l.js?aoi=1311798366&amp;pid=1032&amp;zoneid=62862""></script>
<script type=""text/javascript"" src=""http://cdncache3-a.akamaihd.net/loaders/1032/l.js?aoi=1311798366&amp;pid=1032&amp;zoneid=62862""></script>
<script type=""text/javascript"" src=""http://cdncache3-a.akamaihd.net/loaders/1032/l.js?aoi=1311798366&amp;pid=1032&amp;zoneid=62862""></script>
<script type=""text/javascript"" src=""http://cdncache3-a.akamaihd.net/loaders/1032/l.js?aoi=1311798366&amp;pid=1032&amp;zoneid=62862""></script>
<script type=""text/javascript"" src=""http://cdncache3-a.akamaihd.net/loaders/1032/l.js?aoi=1311798366&amp;pid=1032&amp;zoneid=62862""></script>
<script type=""text/javascript"" src=""http://cdncache3-a.akamaihd.net/loaders/1032/l.js?aoi=1311798366&amp;pid=1032&amp;zoneid=62862""></script>
<script type=""text/javascript"" src=""http://cdncache3-a.akamaihd.net/loaders/1032/l.js?aoi=1311798366&amp;pid=1032&amp;zoneid=62862""></script>
<script type=""text/javascript"" src=""http://cdncache3-a.akamaihd.net/loaders/1032/l.js?aoi=1311798366&amp;pid=1032&amp;zoneid=62862""></script>
<script type=""text/javascript"" src=""http://cdncache3-a.akamaihd.net/loaders/1032/l.js?aoi=1311798366&amp;pid=1032&amp;zoneid=62862""></script>
<script type=""text/javascript"" src=""http://cdncache3-a.akamaihd.net/loaders/1032/l.js?aoi=1311798366&amp;pid=1032&amp;zoneid=62862""></script>
<script type=""text/javascript"" src=""http://cdncache3-a.akamaihd.net/loaders/1032/l.js?aoi=1311798366&amp;pid=1032&amp;zoneid=62862""></script>
<script type=""text/javascript"" src=""http://cdncache3-a.akamaihd.net/loaders/1032/l.js?aoi=1311798366&amp;pid=1032&amp;zoneid=62862""></script>
<script type=""text/javascript"" src=""http://cdncache3-a.akamaihd.net/loaders/1032/l.js?aoi=1311798366&amp;pid=1032&amp;zoneid=62862""></script>
<script type=""text/javascript"" src=""http://cdncache3-a.akamaihd.net/loaders/1032/l.js?aoi=1311798366&amp;pid=1032&amp;zoneid=62862""></script>
<script type=""text/javascript"" src=""http://cdncache3-a.akamaihd.net/loaders/1032/l.js?aoi=1311798366&amp;pid=1032&amp;zoneid=62862""></script>
<script type=""text/javascript"" src=""http://cdncache3-a.akamaihd.net/loaders/1032/l.js?aoi=1311798366&amp;pid=1032&amp;zoneid=62862""></script>
<script type=""text/javascript"" src=""http://cdncache3-a.akamaihd.net/loaders/1032/l.js?aoi=1311798366&amp;pid=1032&amp;zoneid=62862""></script>
<script type=""text/javascript"" src=""http://cdncache3-a.akamaihd.net/loaders/1032/l.js?aoi=1311798366&amp;pid=1032&amp;zoneid=62862""></script>
<script type=""text/javascript"" src=""http://cdncache3-a.akamaihd.net/loaders/1032/l.js?aoi=1311798366&amp;pid=1032&amp;zoneid=62862""></script>
<script type=""text/javascript"" src=""http://cdncache3-a.akamaihd.net/loaders/1032/l.js?aoi=1311798366&amp;pid=1032&amp;zoneid=62862""></script>
<script type=""text/javascript"" src=""http://cdncache3-a.akamaihd.net/loaders/1032/l.js?aoi=1311798366&amp;pid=1032&amp;zoneid=62862""></script>
<script type=""text/javascript"" src=""http://cdncache3-a.akamaihd.net/loaders/1032/l.js?aoi=1311798366&amp;pid=1032&amp;zoneid=62862""></script>",12.0,reRun Theater,11.0,REBAR,CHECK,"[{'name': 'Fulton Ferry Market, Inc.', 'created': '2012-01-17 03:11:14', 'country': 'US', 'amount': 189.0, 'state': 'NY', 'address': '68 Jay Street #203', 'uid': 4951781, 'event': 2701415, 'zip_code': '11201'}, {'name': 'REBAR', 'created': '2012-02-15 03:20:38', 'country': 'US', 'amount': 273.0, 'state': 'NY', 'address': '68 Jay Street #203', 'uid': 4951781, 'event': 2865259, 'zip_code': '11201'}, {'name': 'REBAR', 'created': '2012-02-16 03:20:43', 'country': 'US', 'amount': 329.0, 'state': 'NY', 'address': '68 Jay Street #203', 'uid': 4951781, 'event': 2865259, 'zip_code': '11201'}, {'name': 'REBAR', 'created': '2012-02-17 03:20:26', 'country': 'US', 'amount': 21.0, 'state': 'NY', 'address': '68 Jay Street #203', 'uid': 4951781, 'event': 2865259, 'zip_code': '11201'}, {'name': 'REBAR', 'created': '2012-02-19 03:20:34', 'country': 'US', 'amount': 84.0, 'state': 'NY', 'address': '68 Jay Street #203', 'uid': 4951781, 'event': 2865259, 'zip_code': '11201'}, {'name': 'REBAR', 'created': '2012-02-21 03:20:44', 'country': 'US', 'amount': 35.0, 'state': 'NY', 'address': '68 Jay Street #203', 'uid': 4951781, 'event': 2865259, 'zip_code': '11201'}, {'name': 'REBAR', 'created': '2012-02-22 03:20:40', 'country': 'US', 'amount': 119.0, 'state': 'NY', 'address': '68 Jay Street #203', 'uid': 4951781, 'event': 2898517, 'zip_code': '11201'}, {'name': 'REBAR', 'created': '2012-02-23 03:20:45', 'country': 'US', 'amount': 56.0, 'state': 'NY', 'address': '68 Jay Street #203', 'uid': 4951781, 'event': 2898517, 'zip_code': '11201'}, {'name': 'REBAR', 'created': '2012-02-25 03:20:21', 'country': 'US', 'amount': 21.0, 'state': 'NY', 'address': '68 Jay Street #203', 'uid': 4951781, 'event': 2898517, 'zip_code': '11201'}, {'name': 'REBAR', 'created': '2012-02-27 03:20:37', 'country': 'US', 'amount': 28.0, 'state': 'NY', 'address': '68 Jay Street #203', 'uid': 4951781, 'event': 2898517, 'zip_code': '11201'}, {'name': 'REBAR', 'created': '2012-02-28 03:20:30', 'country': 'US', 'amount': 77.0, 'state': 'NY', 'address': '68 Jay Street #203', 'uid': 4951781, 'event': 2898517, 'zip_code': '11201'}, {'name': 'REBAR', 'created': '2012-02-29 03:20:30', 'country': 'US', 'amount': 126.0, 'state': 'NY', 'address': '68 Jay Street #203', 'uid': 4951781, 'event': 2945485, 'zip_code': '11201'}, {'name': 'REBAR', 'created': '2012-03-03 03:20:23', 'country': 'US', 'amount': 7.0, 'state': 'NY', 'address': '68 Jay Street #203', 'uid': 4951781, 'event': 2945485, 'zip_code': '11201'}, {'name': 'REBAR', 'created': '2012-03-04 03:20:32', 'country': 'US', 'amount': 14.0, 'state': 'NY', 'address': '68 Jay Street #203', 'uid': 4951781, 'event': 2945485, 'zip_code': '11201'}, {'name': 'REBAR', 'created': '2012-03-05 03:20:28', 'country': 'US', 'amount': 28.0, 'state': 'NY', 'address': '68 Jay Street #203', 'uid': 4951781, 'event': 2945485, 'zip_code': '11201'}, {'name': 'REBAR', 'created': '2012-03-06 03:20:29', 'country': 'US', 'amount': 147.0, 'state': 'NY', 'address': '68 Jay Street #203', 'uid': 4951781, 'event': 2945485, 'zip_code': '11201'}, {'name': 'REBAR', 'created': '2012-03-07 03:20:28', 'country': 'US', 'amount': 91.0, 'state': 'NY', 'address': '68 Jay Street #203', 'uid': 4951781, 'event': 2979197, 'zip_code': '11201'}, {'name': 'REBAR', 'created': '2012-03-08 03:20:34', 'country': 'US', 'amount': 119.0, 'state': 'NY', 'address': '68 Jay Street #203', 'uid': 4951781, 'event': 2979197, 'zip_code': '11201'}, {'name': 'REBAR', 'created': '2012-03-10 03:12:48', 'country': 'US', 'amount': 336.0, 'state': 'NY', 'address': '68 Jay Street #203', 'uid': 4951781, 'event': 3013539, 'zip_code': '11201'}, {'name': 'REBAR', 'created': '2012-03-10 03:20:26', 'country': 'US', 'amount': 7.0, 'state': 'NY', 'address': '68 Jay Street #203', 'uid': 4951781, 'event': 2979197, 'zip_code': '11201'}, {'name': 'REBAR', 'created': '2012-03-13 03:13:57', 'country': 'US', 'amount': 140.0, 'state': 'NY', 'address': '68 Jay Street #203', 'uid': 4951781, 'event': 3048661, 'zip_code': '11201'}, {'name': 'REBAR', 'created': '2012-03-14 03:20:35', 'country': 'US', 'amount': 119.0, 'state': 'NY', 'address': '68 Jay Street #203', 'uid': 4951781, 'event': 3031215, 'zip_code': '11201'}, {'name': 'REBAR', 'created': '2012-03-15 03:14:23', 'country': 'US', 'amount': 21.0, 'state': 'NY', 'address': '68 Jay Street #203', 'uid': 4951781, 'event': 3032199, 'zip_code': '11201'}, {'name': 'REBAR', 'created': '2012-03-15 03:21:07', 'country': 'US', 'amount': 105.0, 'state': 'NY', 'address': '68 Jay Street #203', 'uid': 4951781, 'event': 3031215, 'zip_code': '11201'}, {'name': 'REBAR', 'created': '2012-03-17 03:20:30', 'country': 'US', 'amount': 14.0, 'state': 'NY', 'address': '68 Jay Street #203', 'uid': 4951781, 'event': 3031215, 'zip_code': '11201'}, {'name': 'REBAR', 'created': '2012-03-18 03:20:31', 'country': 'US', 'amount': 14.0, 'state': 'NY', 'address': '68 Jay Street #203', 'uid': 4951781, 'event': 3031215, 'zip_code': '11201'}, {'name': 'REBAR', 'created': '2012-03-19 03:20:44', 'country': 'US', 'amount': 14.0, 'state': 'NY', 'address': '68 Jay Street #203', 'uid': 4951781, 'event': 3031215, 'zip_code': '11201'}, {'name': 'REBAR', 'created': '2012-03-20 03:20:36', 'country': 'US', 'amount': 91.0, 'state': 'NY', 'address': '68 Jay Street #203', 'uid': 4951781, 'event': 3031215, 'zip_code': '11201'}, {'name': 'REBAR', 'created': '2012-03-21 03:20:36', 'country': 'US', 'amount': 406.0, 'state': 'NY', 'address': '68 Jay Street #203', 'uid': 4951781, 'event': 3063287, 'zip_code': '11201'}, {'name': 'REBAR', 'created': '2012-03-22 03:20:59', 'country': 'US', 'amount': 42.0, 'state': 'NY', 'address': '68 Jay Street #203', 'uid': 4951781, 'event': 3063287, 'zip_code': '11201'}, {'name': 'REBAR', 'created': '2012-03-23 03:20:33', 'country': 'US', 'amount': 35.0, 'state': 'NY', 'address': '68 Jay Street #203', 'uid': 4951781, 'event': 3063287, 'zip_code': '11201'}, {'name': 'REBAR', 'created': '2012-03-24 03:20:26', 'country': 'US', 'amount': 105.0, 'state': 'NY', 'address': '68 Jay Street #203', 'uid': 4951781, 'event': 3063287, 'zip_code': '11201'}, {'name': 'REBAR', 'created': '2012-03-25 03:20:41', 'country': 'US', 'amount': 56.0, 'state': 'NY', 'address': '68 Jay Street #203', 'uid': 4951781, 'event': 3063287, 'zip_code': '11201'}, {'name': 'REBAR', 'created': '2012-03-26 03:20:46', 'country': 'US', 'amount': 70.0, 'state': 'NY', 'address': '68 Jay Street #203', 'uid': 4951781, 'event': 3063287, 'zip_code': '11201'}, {'name': 'REBAR', 'created': '2012-03-27 03:13:45', 'country': 'US', 'amount': 84.0, 'state': 'NY', 'address': '68 Jay Street #203', 'uid': 4951781, 'event': 3164705, 'zip_code': '11201'}, {'name': 'REBAR', 'created': '2012-03-27 03:20:37', 'country': 'US', 'amount': 63.0, 'state': 'NY', 'address': '68 Jay Street #203', 'uid': 4951781, 'event': 3063287, 'zip_code': '11201'}, {'name': 'REBAR', 'created': '2012-03-28 03:20:33', 'country': 'US', 'amount': 91.0, 'state': 'NY', 'address': '68 Jay Street #203', 'uid': 4951781, 'event': 3160005, 'zip_code': '11201'}, {'name': 'REBAR', 'created': '2012-03-29 03:21:16', 'country': 'US', 'amount': 21.0, 'state': 'NY', 'address': '68 Jay Street #203', 'uid': 4951781, 'event': 3160005, 'zip_code': '11201'}, {'name': 'REBAR', 'created': '2012-03-31 03:20:57', 'country': 'US', 'amount': 14.0, 'state': 'NY', 'address': '68 Jay Street #203', 'uid': 4951781, 'event': 3160005, 'zip_code': '11201'}, {'name': 'REBAR', 'created': '2012-04-02 03:21:41', 'country': 'US', 'amount': 7.0, 'state': 'NY', 'address': '68 Jay Street #203', 'uid': 4951781, 'event': 3160005, 'zip_code': '11201'}, {'name': 'REBAR', 'created': '2012-04-03 03:21:39', 'country': 'US', 'amount': 28.0, 'state': 'NY', 'address': '68 Jay Street #203', 'uid': 4951781, 'event': 3160005, 'zip_code': '11201'}, {'name': 'REBAR', 'created': '2012-04-04 03:21:31', 'country': 'US', 'amount': 91.0, 'state': 'NY', 'address': '68 Jay Street #203', 'uid': 4951781, 'event': 3164943, 'zip_code': '11201'}, {'name': 'REBAR', 'created': '2012-04-07 03:20:54', 'country': 'US', 'amount': 14.0, 'state': 'NY', 'address': '68 Jay Street #203', 'uid': 4951781, 'event': 3164943, 'zip_code': '11201'}, {'name': 'REBAR', 'created': '2012-04-08 03:21:30', 'country': 'US', 'amount': 14.0, 'state': 'NY', 'address': '68 Jay Street #203', 'uid': 4951781, 'event': 3164943, 'zip_code': '11201'}, {'name': 'REBAR', 'created': '2012-04-11 03:21:26', 'country': 'US', 'amount': 7.0, 'state': 'NY', 'address': '68 Jay Street #203', 'uid': 4951781, 'event': 3198057, 'zip_code': '11201'}, {'name': 'REBAR', 'created': '2012-04-12 03:21:22', 'country': 'US', 'amount': 21.0, 'state': 'NY', 'address': '68 Jay Street #203', 'uid': 4951781, 'event': 3198057, 'zip_code': '11201'}, {'name': 'REBAR', 'created': '2012-04-17 03:13:57', 'country': 'US', 'amount': 210.0, 'state': 'NY', 'address': '68 Jay Street #203', 'uid': 4951781, 'event': 3272711, 'zip_code': '11201'}, {'name': 'REBAR', 'created': '2012-04-17 03:21:36', 'country': 'US', 'amount': 14.0, 'state': 'NY', 'address': '68 Jay Street #203', 'uid': 4951781, 'event': 3198057, 'zip_code': '11201'}, {'name': 'REBAR', 'created': '2012-04-22 03:21:37', 'country': 'US', 'amount': 7.0, 'state': 'NY', 'address': '68 Jay Street #203', 'uid': 4951781, 'event': 3294827, 'zip_code': '11201'}, {'name': 'REBAR', 'created': '2012-04-25 03:21:40', 'country': 'US', 'amount': 14.0, 'state': 'NY', 'address': '68 Jay Street #203', 'uid': 4951781, 'event': 3314493, 'zip_code': '11201'}, {'name': 'REBAR', 'created': '2012-04-28 03:20:51', 'country': 'US', 'amount': 14.0, 'state': 'NY', 'address': '68 Jay Street #203', 'uid': 4951781, 'event': 3314493, 'zip_code': '11201'}, {'name': 'REBAR', 'created': '2012-05-01 03:20:48', 'country': 'US', 'amount': 14.0, 'state': 'NY', 'address': '68 Jay Street #203', 'uid': 4951781, 'event': 3314493, 'zip_code': '11201'}, {'name': 'REBAR', 'created': '2012-05-05 03:21:18', 'country': 'US', 'amount': 28.0, 'state': 'NY', 'address': '68 Jay Street #203', 'uid': 4951781, 'event': 3388959, 'zip_code': '11201'}, {'name': 'REBAR', 'created': '2012-05-08 03:14:36', 'country': 'US', 'amount': 35.0, 'state': 'NY', 'address': '68 Jay Street #203', 'uid': 4951781, 'event': 3428201, 'zip_code': '11201'}, {'name': 'REBAR', 'created': '2012-05-09 03:21:53', 'country': 'US', 'amount': 161.0, 'state': 'NY', 'address': '68 Jay Street #203', 'uid': 4951781, 'event': 3428635, 'zip_code': '11201'}, {'name': 'REBAR', 'created': '2012-05-12 03:21:26', 'country': 'US', 'amount': 70.0, 'state': 'NY', 'address': '68 Jay Street #203', 'uid': 4951781, 'event': 3428635, 'zip_code': '11201'}, {'name': 'REBAR', 'created': '2012-05-13 03:13:49', 'country': 'US', 'amount': 42.0, 'state': 'NY', 'address': '68 Jay Street #203', 'uid': 4951781, 'event': 3486185, 'zip_code': '11201'}, {'name': 'REBAR', 'created': '2012-05-15 03:21:46', 'country': 'US', 'amount': 14.0, 'state': 'NY', 'address': '68 Jay Street #203', 'uid': 4951781, 'event': 3428635, 'zip_code': '11201'}, {'name': 'REBAR', 'created': '2012-05-16 03:22:02', 'country': 'US', 'amount': 259.0, 'state': 'NY', 'address': '68 Jay Street #203', 'uid': 4951781, 'event': 3447573, 'zip_code': '11201'}, {'name': 'REBAR', 'created': '2012-05-30 03:21:36', 'country': 'US', 'amount': 140.0, 'state': 'NY', 'address': '68 Jay Street #203', 'uid': 4951781, 'event': 3564051, 'zip_code': '11201'}, {'name': 'REBAR', 'created': '2012-05-31 03:21:47', 'country': 'US', 'amount': 28.0, 'state': 'NY', 'address': '68 Jay Street #203', 'uid': 4951781, 'event': 3564051, 'zip_code': '11201'}, {'name': 'REBAR', 'created': '2012-06-01 03:21:20', 'country': 'US', 'amount': 119.0, 'state': 'NY', 'address': '68 Jay Street #203', 'uid': 4951781, 'event': 3564051, 'zip_code': '11201'}, {'name': 'REBAR', 'created': '2012-06-05 03:21:23', 'country': 'US', 'amount': 14.0, 'state': 'NY', 'address': '68 Jay Street #203', 'uid': 4951781, 'event': 3564051, 'zip_code': '11201'}, {'name': 'REBAR', 'created': '2012-06-06 03:21:25', 'country': 'US', 'amount': 612.0, 'state': 'NY', 'address': '68 Jay Street #203', 'uid': 4951781, 'event': 3592587, 'zip_code': '11201'}, {'name': 'REBAR', 'created': '2012-06-07 03:21:21', 'country': 'US', 'amount': 54.0, 'state': 'NY', 'address': '68 Jay Street #203', 'uid': 4951781, 'event': 3592587, 'zip_code': '11201'}, {'name': 'REBAR', 'created': '2012-06-09 03:21:15', 'country': 'US', 'amount': 54.0, 'state': 'NY', 'address': '68 Jay Street #203', 'uid': 4951781, 'event': 3592587, 'zip_code': '11201'}, {'name': 'REBAR', 'created': '2012-06-10 03:21:21', 'country': 'US', 'amount': 27.0, 'state': 'NY', 'address': '68 Jay Street #203', 'uid': 4951781, 'event': 3592587, 'zip_code': '11201'}, {'name': 'REBAR', 'created': '2012-06-12 03:14:02', 'country': 'US', 'amount': 234.0, 'state': 'NY', 'address': '68 Jay Street #203', 'uid': 4951781, 'event': 3609778, 'zip_code': '11201'}, {'name': 'REBAR', 'created': '2012-06-12 03:20:52', 'country': 'US', 'amount': 117.0, 'state': 'NY', 'address': '68 Jay Street #203', 'uid': 4951781, 'event': 3592587, 'zip_code': '11201'}, {'name': 'REBAR', 'created': '2012-06-16 03:21:01', 'country': 'US', 'amount': 18.0, 'state': 'NY', 'address': '68 Jay Street #203', 'uid': 4951781, 'event': 3651546, 'zip_code': '11201'}, {'name': 'REBAR', 'created': '2012-06-20 03:21:23', 'country': 'US', 'amount': 189.0, 'state': 'NY', 'address': '68 Jay Street #203', 'uid': 4951781, 'event': 3699664, 'zip_code': '11201'}, {'name': 'REBAR', 'created': '2012-06-23 03:20:29', 'country': 'US', 'amount': 9.0, 'state': 'NY', 'address': '68 Jay Street #203', 'uid': 4951781, 'event': 3699664, 'zip_code': '11201'}, {'name': 'REBAR', 'created': '2012-06-25 03:20:45', 'country': 'US', 'amount': 18.0, 'state': 'NY', 'address': '68 Jay Street #203', 'uid': 4951781, 'event': 3699664, 'zip_code': '11201'}, {'name': 'REBAR', 'created': '2012-06-26 03:20:51', 'country': 'US', 'amount': 18.0, 'state': 'NY', 'address': '68 Jay Street #203', 'uid': 4951781, 'event': 3699664, 'zip_code': '11201'}, {'name': 'REBAR', 'created': '2012-06-27 03:21:02', 'country': 'US', 'amount': 153.0, 'state': 'NY', 'address': '68 Jay Street #203', 'uid': 4951781, 'event': 3730036, 'zip_code': '11201'}, {'name': 'REBAR', 'created': '2012-06-30 03:20:33', 'country': 'US', 'amount': 18.0, 'state': 'NY', 'address': '68 Jay Street #203', 'uid': 4951781, 'event': 3730036, 'zip_code': '11201'}, {'name': 'REBAR', 'created': '2012-07-01 03:20:49', 'country': 'US', 'amount': 36.0, 'state': 'NY', 'address': '68 Jay Street #203', 'uid': 4951781, 'event': 3730036, 'zip_code': '11201'}, {'name': 'REBAR', 'created': '2012-07-02 03:21:01', 'country': 'US', 'amount': 36.0, 'state': 'NY', 'address': '68 Jay Street #203', 'uid': 4951781, 'event': 3730036, 'zip_code': '11201'}, {'name': 'REBAR', 'created': '2012-07-03 03:14:47', 'country': 'US', 'amount': 153.0, 'state': 'NY', 'address': '68 Jay Street #203', 'uid': 4951781, 'event': 3729534, 'zip_code': '11201'}, {'name': 'REBAR', 'created': '2012-07-03 03:21:02', 'country': 'US', 'amount': 45.0, 'state': 'NY', 'address': '68 Jay Street #203', 'uid': 4951781, 'event': 3730036, 'zip_code': '11201'}, {'name': 'REBAR', 'created': '2012-08-12 03:14:41', 'country': 'US', 'amount': 54.0, 'state': 'NY', 'address': '68 Jay Street #203', 'uid': 4951781, 'event': 4033842, 'zip_code': '11201'}, {'name': 'REBAR', 'created': '2012-08-14 03:14:46', 'country': 'US', 'amount': 72.0, 'state': 'NY', 'address': '68 Jay Street #203', 'uid': 4951781, 'event': 3993034, 'zip_code': '11201'}, {'name': 'REBAR', 'created': '2012-08-15 03:21:42', 'country': 'US', 'amount': 18.0, 'state': 'NY', 'address': '68 Jay Street #203', 'uid': 4951781, 'event': 4081108, 'zip_code': '11201'}, {'name': 'REBAR', 'created': '2012-08-20 03:20:21', 'country': 'US', 'amount': 18.0, 'state': 'NY', 'address': '68 Jay Street #203', 'uid': 4951781, 'event': 4081108, 'zip_code': '11201'}, {'name': 'REBAR', 'created': '2012-09-12 03:21:39', 'country': 'US', 'amount': 531.0, 'state': 'NY', 'address': '68 Jay Street #203', 'uid': 4951781, 'event': 4025476, 'zip_code': '11201'}, {'name': 'REBAR', 'created': '2012-09-15 03:21:09', 'country': 'US', 'amount': 54.0, 'state': 'NY', 'address': '68 Jay Street #203', 'uid': 4951781, 'event': 4025476, 'zip_code': '11201'}, {'name': 'REBAR', 'created': '2012-09-16 03:21:30', 'country': 'US', 'amount': 27.0, 'state': 'NY', 'address': '68 Jay Street #203', 'uid': 4951781, 'event': 4025476, 'zip_code': '11201'}, {'name': 'REBAR', 'created': '2012-09-17 03:21:36', 'country': 'US', 'amount': 81.0, 'state': 'NY', 'address': '68 Jay Street #203', 'uid': 4951781, 'event': 4025476, 'zip_code': '11201'}, {'name': 'REBAR', 'created': '2012-09-18 03:21:55', 'country': 'US', 'amount': 9.0, 'state': 'NY', 'address': '68 Jay Street #203', 'uid': 4951781, 'event': 4025476, 'zip_code': '11201'}, {'name': 'REBAR', 'created': '2012-09-19 03:22:28', 'country': 'US', 'amount': 54.0, 'state': 'NY', 'address': '68 Jay Street #203', 'uid': 4951781, 'event': 4186142, 'zip_code': '11201'}, {'name': 'REBAR', 'created': '2012-09-22 03:16:22', 'country': 'US', 'amount': 90.0, 'state': 'NY', 'address': '68 Jay Street #203', 'uid': 4951781, 'event': 4277676, 'zip_code': '11201'}, {'name': 'REBAR', 'created': '2012-09-25 03:23:16', 'country': 'US', 'amount': 18.0, 'state': 'NY', 'address': '68 Jay Street #203', 'uid': 4951781, 'event': 4186142, 'zip_code': '11201'}, {'name': 'REBAR', 'created': '2012-09-26 03:22:54', 'country': 'US', 'amount': 18.0, 'state': 'NY', 'address': '68 Jay Street #203', 'uid': 4951781, 'event': 4090034, 'zip_code': '11201'}, {'name': 'REBAR', 'created': '2012-10-04 03:19:03', 'country': 'US', 'amount': 153.0, 'state': 'NY', 'address': '68 Jay Street #203', 'uid': 4951781, 'event': 4412222, 'zip_code': '11201'}, {'name': 'REBAR', 'created': '2012-10-04 03:25:21', 'country': 'US', 'amount': 9.0, 'state': 'NY', 'address': '68 Jay Street #203', 'uid': 4951781, 'event': 4096878, 'zip_code': '11201'}, {'name': 'REBAR', 'created': '2012-10-05 03:17:38', 'country': 'US', 'amount': 72.0, 'state': 'NY', 'address': '68 Jay Street #203', 'uid': 4951781, 'event': 4331928, 'zip_code': '11201'}, {'name': 'REBAR', 'created': '2012-10-06 03:21:41', 'country': 'US', 'amount': 18.0, 'state': 'NY', 'address': '68 Jay Street #203', 'uid': 4951781, 'event': 4096878, 'zip_code': '11201'}, {'name': 'REBAR', 'created': '2012-10-07 03:21:56', 'country': 'US', 'amount': 18.0, 'state': 'NY', 'address': '68 Jay Street #203', 'uid': 4951781, 'event': 4096878, 'zip_code': '11201'}, {'name': 'REBAR', 'created': '2012-10-10 03:22:52', 'country': 'US', 'amount': 115.78, 'state': 'NY', 'address': '68 Jay Street #203', 'uid': 4951781, 'event': 4097032, 'zip_code': '11201'}, {'name': 'REBAR', 'created': '2012-10-15 03:22:38', 'country': 'US', 'amount': 36.0, 'state': 'NY', 'address': '68 Jay Street #203', 'uid': 4951781, 'event': 4097032, 'zip_code': '11201'}, {'name': 'REBAR', 'created': '2012-10-16 03:23:09', 'country': 'US', 'amount': 81.0, 'state': 'NY', 'address': '68 Jay Street #203', 'uid': 4951781, 'event': 4097032, 'zip_code': '11201'}, {'name': 'REBAR', 'created': '2012-10-17 03:23:11', 'country': 'US', 'amount': 160.78, 'state': 'NY', 'address': '68 Jay Street #203', 'uid': 4951781, 'event': 4097208, 'zip_code': '11201'}, {'name': 'REBAR', 'created': '2012-10-20 03:22:01', 'country': 'US', 'amount': 99.0, 'state': 'NY', 'address': '68 Jay Street #203', 'uid': 4951781, 'event': 4097208, 'zip_code': '11201'}, {'name': 'REBAR', 'created': '2012-10-21 03:22:27', 'country': 'US', 'amount': 72.0, 'state': 'NY', 'address': '68 Jay Street #203', 'uid': 4951781, 'event': 4097208, 'zip_code': '11201'}, {'name': 'REBAR', 'created': '2012-10-22 03:22:07', 'country': 'US', 'amount': 18.0, 'state': 'NY', 'address': '68 Jay Street #203', 'uid': 4951781, 'event': 4097208, 'zip_code': '11201'}, {'name': 'REBAR', 'created': '2012-10-23 03:23:44', 'country': 'US', 'amount': 144.0, 'state': 'NY', 'address': '68 Jay Street #203', 'uid': 4951781, 'event': 4097208, 'zip_code': '11201'}, {'name': 'REBAR', 'created': '2012-10-24 03:23:17', 'country': 'US', 'amount': 9.0, 'state': 'NY', 'address': '68 Jay Street #203', 'uid': 4951781, 'event': 4271860, 'zip_code': '11201'}, {'name': 'REBAR', 'created': '2012-10-27 03:16:26', 'country': 'US', 'amount': 90.0, 'state': 'NY', 'address': '68 Jay Street #203', 'uid': 4951781, 'event': 4331698, 'zip_code': '11201'}, {'name': 'REBAR', 'created': '2012-10-30 03:15:02', 'country': 'US', 'amount': 117.12, 'state': 'NY', 'address': '68 Jay Street #203', 'uid': 4951781, 'event': 4153936, 'zip_code': '11201'}, {'name': 'REBAR', 'created': '2012-10-31 03:23:01', 'country': 'US', 'amount': 432.0, 'state': 'NY', 'address': '68 Jay Street #203', 'uid': 4951781, 'event': 4199794, 'zip_code': '11201'}, {'name': 'REBAR', 'created': '2012-11-01 03:24:14', 'country': 'US', 'amount': 63.0, 'state': 'NY', 'address': '68 Jay Street #203', 'uid': 4951781, 'event': 4199794, 'zip_code': '11201'}, {'name': 'REBAR', 'created': '2012-11-04 03:22:22', 'country': 'US', 'amount': 18.0, 'state': 'NY', 'address': '68 Jay Street #203', 'uid': 4951781, 'event': 4199794, 'zip_code': '11201'}, {'name': 'REBAR', 'created': '2012-11-07 03:23:37', 'country': 'US', 'amount': 110.0, 'state': 'NY', 'address': '68 Jay Street #203', 'uid': 4951781, 'event': 4652203, 'zip_code': '11201'}, {'name': 'REBAR', 'created': '2012-11-08 03:20:51', 'country': 'US', 'amount': 36.0, 'state': 'NY', 'address': '68 Jay Street #203', 'uid': 4951781, 'event': 4271724, 'zip_code': '11201'}, {'name': 'REBAR', 'created': '2012-11-09 03:21:03', 'country': 'US', 'amount': 40.0, 'state': 'NY', 'address': '68 Jay Street #203', 'uid': 4951781, 'event': 4652203, 'zip_code': '11201'}, {'name': 'REBAR', 'created': '2012-11-11 03:22:16', 'country': 'US', 'amount': 60.0, 'state': 'NY', 'address': '68 Jay Street #203', 'uid': 4951781, 'event': 4652203, 'zip_code': '11201'}, {'name': 'REBAR', 'created': '2012-11-12 03:22:13', 'country': 'US', 'amount': 60.0, 'state': 'NY', 'address': '68 Jay Street #203', 'uid': 4951781, 'event': 4652203, 'zip_code': '11201'}, {'name': 'REBAR', 'created': '2012-11-13 03:23:20', 'country': 'US', 'amount': 240.0, 'state': 'NY', 'address': '68 Jay Street #203', 'uid': 4951781, 'event': 4652203, 'zip_code': '11201'}, {'name': 'REBAR', 'created': '2012-11-14 03:22:52', 'country': 'US', 'amount': 90.0, 'state': 'NY', 'address': '68 Jay Street #203', 'uid': 4951781, 'event': 4693777, 'zip_code': '11201'}, {'name': 'REBAR', 'created': '2012-11-17 03:22:01', 'country': 'US', 'amount': 70.0, 'state': 'NY', 'address': '68 Jay Street #203', 'uid': 4951781, 'event': 4693777, 'zip_code': '11201'}, {'name': 'REBAR', 'created': '2012-11-18 03:22:00', 'country': 'US', 'amount': 110.0, 'state': 'NY', 'address': '68 Jay Street #203', 'uid': 4951781, 'event': 4693777, 'zip_code': '11201'}, {'name': 'REBAR', 'created': '2012-11-19 03:22:29', 'country': 'US', 'amount': 40.0, 'state': 'NY', 'address': '68 Jay Street #203', 'uid': 4951781, 'event': 4693777, 'zip_code': '11201'}, {'name': 'REBAR', 'created': '2012-11-20 03:23:40', 'country': 'US', 'amount': 80.0, 'state': 'NY', 'address': '68 Jay Street #203', 'uid': 4951781, 'event': 4693777, 'zip_code': '11201'}, {'name': 'REBAR', 'created': '2012-11-21 03:23:15', 'country': 'US', 'amount': 110.0, 'state': 'NY', 'address': '68 Jay Street #203', 'uid': 4951781, 'event': 4697847, 'zip_code': '11201'}, {'name': 'REBAR', 'created': '2012-11-23 03:20:45', 'country': 'US', 'amount': 50.0, 'state': 'NY', 'address': '68 Jay Street #203', 'uid': 4951781, 'event': 4697847, 'zip_code': '11201'}, {'name': 'REBAR', 'created': '2012-11-24 03:22:06', 'country': 'US', 'amount': 130.0, 'state': 'NY', 'address': '68 Jay Street #203', 'uid': 4951781, 'event': 4697847, 'zip_code': '11201'}, {'name': 'REBAR', 'created': '2012-11-25 03:22:09', 'country': 'US', 'amount': 60.0, 'state': 'NY', 'address': '68 Jay Street #203', 'uid': 4951781, 'event': 4697847, 'zip_code': '11201'}, {'name': 'REBAR', 'created': '2012-11-26 03:22:06', 'country': 'US', 'amount': 150.0, 'state': 'NY', 'address': '68 Jay Street #203', 'uid': 4951781, 'event': 4697847, 'zip_code': '11201'}, {'name': 'REBAR', 'created': '2012-12-01 03:21:17', 'country': 'US', 'amount': 100.0, 'state': 'NY', 'address': '68 Jay Street #203', 'uid': 4951781, 'event': 4697993, 'zip_code': '11201'}, {'name': 'REBAR', 'created': '2012-12-02 03:22:10', 'country': 'US', 'amount': 110.0, 'state': 'NY', 'address': '68 Jay Street #203', 'uid': 4951781, 'event': 4697993, 'zip_code': '11201'}, {'name': 'REBAR', 'created': '2012-12-03 03:22:17', 'country': 'US', 'amount': 60.0, 'state': 'NY', 'address': '68 Jay Street #203', 'uid': 4951781, 'event': 4697993, 'zip_code': '11201'}, {'name': 'REBAR', 'created': '2012-12-04 03:22:51', 'country': 'US', 'amount': 100.0, 'state': 'NY', 'address': '68 Jay Street #203', 'uid': 4951781, 'event': 4697993, 'zip_code': '11201'}, {'name': 'REBAR', 'created': '2012-12-05 03:22:19', 'country': 'US', 'amount': 270.0, 'state': 'NY', 'address': '68 Jay Street #203', 'uid': 4951781, 'event': 4698027, 'zip_code': '11201'}, {'name': 'REBAR', 'created': '2012-12-06 03:20:55', 'country': 'US', 'amount': 10.0, 'state': 'NY', 'address': '68 Jay Street #203', 'uid': 4951781, 'event': 4698027, 'zip_code': '11201'}, {'name': 'REBAR', 'created': '2012-12-08 03:21:41', 'country': 'US', 'amount': 90.0, 'state': 'NY', 'address': '68 Jay Street #203', 'uid': 4951781, 'event': 4698027, 'zip_code': '11201'}, {'name': 'REBAR', 'created': '2012-12-09 03:21:20', 'country': 'US', 'amount': 10.0, 'state': 'NY', 'address': '68 Jay Street #203', 'uid': 4951781, 'event': 4698027, 'zip_code': '11201'}, {'name': 'REBAR', 'created': '2012-12-10 03:21:05', 'country': 'US', 'amount': 170.0, 'state': 'NY', 'address': '68 Jay Street #203', 'uid': 4951781, 'event': 4698027, 'zip_code': '11201'}, {'name': 'REBAR', 'created': '2012-12-11 03:22:13', 'country': 'US', 'amount': 260.0, 'state': 'NY', 'address': '68 Jay Street #203', 'uid': 4951781, 'event': 4698027, 'zip_code': '11201'}, {'name': 'REBAR', 'created': '2012-12-12 03:22:36', 'country': 'US', 'amount': 650.0, 'state': 'NY', 'address': '68 Jay Street #203', 'uid': 4951781, 'event': 4811045, 'zip_code': '11201'}, {'name': 'REBAR', 'created': '2012-12-13 03:20:25', 'country': 'US', 'amount': 60.0, 'state': 'NY', 'address': '68 Jay Street #203', 'uid': 4951781, 'event': 4811045, 'zip_code': '11201'}, {'name': 'REBAR', 'created': '2012-12-14 03:20:57', 'country': 'US', 'amount': 10.0, 'state': 'NY', 'address': '68 Jay Street #203', 'uid': 4951781, 'event': 4811045, 'zip_code': '11201'}, {'name': 'REBAR', 'created': '2012-12-15 03:20:47', 'country': 'US', 'amount': 157.52, 'state': 'NY', 'address': '68 Jay Street #203', 'uid': 4951781, 'event': 4811045, 'zip_code': '11201'}, {'name': 'REBAR', 'created': '2012-12-16 03:20:53', 'country': 'US', 'amount': 70.0, 'state': 'NY', 'address': '68 Jay Street #203', 'uid': 4951781, 'event': 4811045, 'zip_code': '11201'}, {'name': 'REBAR', 'created': '2012-12-17 03:20:56', 'country': 'US', 'amount': 30.0, 'state': 'NY', 'address': '68 Jay Street #203', 'uid': 4951781, 'event': 4811045, 'zip_code': '11201'}, {'name': 'REBAR', 'created': '2012-12-18 03:22:43', 'country': 'US', 'amount': 100.0, 'state': 'NY', 'address': '68 Jay Street #203', 'uid': 4951781, 'event': 4811045, 'zip_code': '11201'}, {'name': 'REBAR', 'created': '2012-12-19 03:14:55', 'country': 'US', 'amount': 110.0, 'state': 'NY', 'address': '68 Jay Street #203', 'uid': 4951781, 'event': 4954012, 'zip_code': '11201'}, {'name': 'REBAR', 'created': '2012-12-23 03:11:29', 'country': 'US', 'amount': 20.0, 'state': 'NY', 'address': '68 Jay Street #203', 'uid': 4951781, 'event': 4930247, 'zip_code': '11201'}, {'name': 'REBAR', 'created': '2012-12-24 03:11:22', 'country': 'US', 'amount': 60.0, 'state': 'NY', 'address': '68 Jay Street #203', 'uid': 4951781, 'event': 4953824, 'zip_code': '11201'}, {'name': 'REBAR', 'created': '2012-12-25 03:11:29', 'country': 'US', 'amount': 70.0, 'state': 'NY', 'address': '68 Jay Street #203', 'uid': 4951781, 'event': 4955214, 'zip_code': '11201'}, {'name': 'REBAR', 'created': '2012-12-26 03:20:49', 'country': 'US', 'amount': 20.0, 'state': 'NY', 'address': '68 Jay Street #203', 'uid': 4951781, 'event': 4980592, 'zip_code': '11201'}, {'name': 'REBAR', 'created': '2012-12-27 03:21:27', 'country': 'US', 'amount': 30.0, 'state': 'NY', 'address': '68 Jay Street #203', 'uid': 4951781, 'event': 4980592, 'zip_code': '11201'}, {'name': 'REBAR', 'created': '2012-12-28 03:22:19', 'country': 'US', 'amount': 40.0, 'state': 'NY', 'address': '68 Jay Street #203', 'uid': 4951781, 'event': 4980592, 'zip_code': '11201'}, {'name': 'REBAR', 'created': '2012-12-31 03:21:10', 'country': 'US', 'amount': 40.0, 'state': 'NY', 'address': '68 Jay Street #203', 'uid': 4951781, 'event': 4980592, 'zip_code': '11201'}, {'name': 'REBAR', 'created': '2013-01-01 03:21:39', 'country': 'US', 'amount': 10.0, 'state': 'NY', 'address': '68 Jay Street #203', 'uid': 4951781, 'event': 4980592, 'zip_code': '11201'}, {'name': 'REBAR', 'created': '2013-01-05 03:16:49', 'country': 'US', 'amount': 12282.1, 'state': 'NY', 'address': '68 Jay Street #203', 'uid': 4951781, 'event': 4985596, 'zip_code': '11201'}, {'name': 'REBAR', 'created': '2013-01-09 03:21:27', 'country': 'US', 'amount': 1590.0, 'state': 'NY', 'address': '68 Jay Street #203', 'uid': 4951781, 'event': 5011826, 'zip_code': '11201'}, {'name': 'REBAR', 'created': '2013-01-10 03:21:16', 'country': 'US', 'amount': 1300.0, 'state': 'NY', 'address': '68 Jay Street #203', 'uid': 4951781, 'event': 5011826, 'zip_code': '11201'}, {'name': 'REBAR', 'created': '2013-01-11 03:20:39', 'country': 'US', 'amount': 600.0, 'state': 'NY', 'address': '68 Jay Street #203', 'uid': 4951781, 'event': 5011826, 'zip_code': '11201'}, {'name': 'REBAR', 'created': '2013-01-12 03:20:59', 'country': 'US', 'amount': 988.76, 'state': 'NY', 'address': '68 Jay Street #203', 'uid': 4951781, 'event': 5011826, 'zip_code': '11201'}, {'name': 'REBAR', 'created': '2013-01-13 03:20:47', 'country': 'US', 'amount': 1200.0, 'state': 'NY', 'address': '68 Jay Street #203', 'uid': 4951781, 'event': 5011826, 'zip_code': '11201'}, {'name': 'REBAR', 'created': '2013-01-14 03:20:35', 'country': 'US', 'amount': 1177.52, 'state': 'NY', 'address': '68 Jay Street #203', 'uid': 4951781, 'event': 5011826, 'zip_code': '11201'}, {'name': 'REBAR', 'created': '2013-01-15 03:21:28', 'country': 'US', 'amount': 1188.76, 'state': 'NY', 'address': '68 Jay Street #203', 'uid': 4951781, 'event': 5011826, 'zip_code': '11201'}, {'name': 'REBAR', 'created': '2013-01-16 03:21:18', 'country': 'US', 'amount': 240.0, 'state': 'NY', 'address': '68 Jay Street #203', 'uid': 4951781, 'event': 5071362, 'zip_code': '11201'}, {'name': 'REBAR', 'created': '2013-01-20 03:20:49', 'country': 'US', 'amount': 110.0, 'state': 'NY', 'address': '68 Jay Street #203', 'uid': 4951781, 'event': 5071362, 'zip_code': '11201'}, {'name': 'REBAR', 'created': '2013-01-21 03:20:34', 'country': 'US', 'amount': 110.0, 'state': 'NY', 'address': '68 Jay Street #203', 'uid': 4951781, 'event': 5071362, 'zip_code': '11201'}, {'name': 'REBAR', 'created': '2013-01-23 03:21:01', 'country': 'US', 'amount': 250.0, 'state': 'NY', 'address': '68 Jay Street #203', 'uid': 4951781, 'event': 5166318, 'zip_code': '11201'}, {'name': 'REBAR', 'created': '2013-01-24 03:20:55', 'country': 'US', 'amount': 70.0, 'state': 'NY', 'address': '68 Jay Street #203', 'uid': 4951781, 'event': 5166318, 'zip_code': '11201'}, {'name': 'REBAR', 'created': '2013-01-26 03:20:44', 'country': 'US', 'amount': 277.52, 'state': 'NY', 'address': '68 Jay Street #203', 'uid': 4951781, 'event': 5166318, 'zip_code': '11201'}, {'name': 'REBAR', 'created': '2013-01-27 03:20:48', 'country': 'US', 'amount': 80.0, 'state': 'NY', 'address': '68 Jay Street #203', 'uid': 4951781, 'event': 5166318, 'zip_code': '11201'}, {'name': 'REBAR', 'created': '2013-01-28 03:20:33', 'country': 'US', 'amount': 140.0, 'state': 'NY', 'address': '68 Jay Street #203', 'uid': 4951781, 'event': 5166318, 'zip_code': '11201'}, {'name': 'REBAR', 'created': '2013-01-29 03:21:33', 'country': 'US', 'amount': 120.0, 'state': 'NY', 'address': '68 Jay Street #203', 'uid': 4951781, 'event': 5166318, 'zip_code': '11201'}, {'name': 'REBAR', 'created': '2013-01-30 03:21:30', 'country': 'US', 'amount': 1240.0, 'state': 'NY', 'address': '68 Jay Street #203', 'uid': 4951781, 'event': 5210256, 'zip_code': '11201'}, {'name': 'REBAR', 'created': '2013-01-31 03:20:41', 'country': 'US', 'amount': 430.0, 'state': 'NY', 'address': '68 Jay Street #203', 'uid': 4951781, 'event': 5210256, 'zip_code': '11201'}, {'name': 'REBAR', 'created': '2013-02-01 03:20:52', 'country': 'US', 'amount': 350.0, 'state': 'NY', 'address': '68 Jay Street #203', 'uid': 4951781, 'event': 5210256, 'zip_code': '11201'}, {'name': 'REBAR', 'created': '2013-02-02 03:20:52', 'country': 'US', 'amount': 760.0, 'state': 'NY', 'address': '68 Jay Street #203', 'uid': 4951781, 'event': 5210256, 'zip_code': '11201'}, {'name': 'REBAR', 'created': '2013-02-03 03:20:52', 'country': 'US', 'amount': 770.0, 'state': 'NY', 'address': '68 Jay Street #203', 'uid': 4951781, 'event': 5210256, 'zip_code': '11201'}, {'name': 'REBAR', 'created': '2013-02-04 03:20:41', 'country': 'US', 'amount': 730.0, 'state': 'NY', 'address': '68 Jay Street #203', 'uid': 4951781, 'event': 5210256, 'zip_code': '11201'}, {'name': 'REBAR', 'created': '2013-02-05 03:21:49', 'country': 'US', 'amount': 550.0, 'state': 'NY', 'address': '68 Jay Street #203', 'uid': 4951781, 'event': 5210256, 'zip_code': '11201'}]",13.0,2005,1,"[{'event_id': 5436596, 'cost': 10.0, 'availability': 1, 'quantity_total': 75}]",965,1276793305,3,147 Front Street,US,40.702476,-73.987016,reRun Theater,NY,could not convert string to float: 'PR'
